{
    "NOSE": {
        "x": 1.0031943321228027,
        "y": 0.17897316813468933,
        "visibility": 0.9994077682495117
    },
    "LEFT_EYE_INNER": {
        "x": 1.0176408290863037,
        "y": 0.15925654768943787,
        "visibility": 0.9993057250976562
    },
    "LEFT_EYE": {
        "x": 1.014999508857727,
        "y": 0.15690669417381287,
        "visibility": 0.9992944002151489
    },
    "LEFT_EYE_OUTER": {
        "x": 1.012516736984253,
        "y": 0.15479910373687744,
        "visibility": 0.9995669722557068
    },
    "RIGHT_EYE_INNER": {
        "x": 1.0093073844909668,
        "y": 0.15680041909217834,
        "visibility": 0.999478280544281
    },
    "RIGHT_EYE": {
        "x": 1.001227855682373,
        "y": 0.152767151594162,
        "visibility": 0.9995617270469666
    },
    "RIGHT_EYE_OUTER": {
        "x": 0.993392825126648,
        "y": 0.1486765742301941,
        "visibility": 0.9996942281723022
    },
    "LEFT_EAR": {
        "x": 0.9644343852996826,
        "y": 0.13870972394943237,
        "visibility": 0.999618649482727
    },
    "RIGHT_EAR": {
        "x": 0.9439659118652344,
        "y": 0.1331404447555542,
        "visibility": 0.9992384910583496
    },
    "MOUTH_LEFT": {
        "x": 0.9522489309310913,
        "y": 0.18595372140407562,
        "visibility": 0.9990973472595215
    },
    "MOUTH_RIGHT": {
        "x": 0.9469835758209229,
        "y": 0.18193301558494568,
        "visibility": 0.9993045330047607
    },
    "LEFT_SHOULDER": {
        "x": 0.804344117641449,
        "y": 0.20982705056667328,
        "visibility": 0.9999171495437622
    },
    "RIGHT_SHOULDER": {
        "x": 0.6789748072624207,
        "y": 0.20074579119682312,
        "visibility": 0.9999616146087646
    },
    "LEFT_ELBOW": {
        "x": 0.7496240139007568,
        "y": 0.3577806353569031,
        "visibility": 0.1746874302625656
    },
    "RIGHT_ELBOW": {
        "x": 0.6767643690109253,
        "y": 0.3821026682853699,
        "visibility": 0.9845566749572754
    },
    "LEFT_WRIST": {
        "x": 0.7637580633163452,
        "y": 0.5151028633117676,
        "visibility": 0.15415433049201965
    },
    "RIGHT_WRIST": {
        "x": 0.7211856842041016,
        "y": 0.5263829827308655,
        "visibility": 0.927838146686554
    },
    "LEFT_PINKY": {
        "x": 0.7628556489944458,
        "y": 0.5644033551216125,
        "visibility": 0.15782003104686737
    },
    "RIGHT_PINKY": {
        "x": 0.7336364984512329,
        "y": 0.5750885605812073,
        "visibility": 0.8884238600730896
    },
    "LEFT_INDEX": {
        "x": 0.7718633413314819,
        "y": 0.5680262446403503,
        "visibility": 0.1740700751543045
    },
    "RIGHT_INDEX": {
        "x": 0.7611400485038757,
        "y": 0.575251042842865,
        "visibility": 0.8930113911628723
    },
    "LEFT_THUMB": {
        "x": 0.7667933702468872,
        "y": 0.5514478087425232,
        "visibility": 0.15491531789302826
    },
    "RIGHT_THUMB": {
        "x": 0.7548716068267822,
        "y": 0.560982882976532,
        "visibility": 0.8279526829719543
    },
    "LEFT_HIP": {
        "x": 0.38524532318115234,
        "y": 0.4416349232196808,
        "visibility": 0.9998854398727417
    },
    "RIGHT_HIP": {
        "x": 0.2995738387107849,
        "y": 0.4424663484096527,
        "visibility": 0.9999145269393921
    },
    "LEFT_KNEE": {
        "x": 0.5382252931594849,
        "y": 0.6537180542945862,
        "visibility": 0.08505168557167053
    },
    "RIGHT_KNEE": {
        "x": 0.48762065172195435,
        "y": 0.6798310279846191,
        "visibility": 0.887270450592041
    },
    "LEFT_ANKLE": {
        "x": 0.4386535882949829,
        "y": 0.8767169117927551,
        "visibility": 0.2454165369272232
    },
    "RIGHT_ANKLE": {
        "x": 0.3679640293121338,
        "y": 0.918896496295929,
        "visibility": 0.9397556185722351
    },
    "LEFT_HEEL": {
        "x": 0.36621591448783875,
        "y": 0.9224610924720764,
        "visibility": 0.27160191535949707
    },
    "RIGHT_HEEL": {
        "x": 0.2946367859840393,
        "y": 0.9633151292800903,
        "visibility": 0.8687894940376282
    },
    "LEFT_FOOT_INDEX": {
        "x": 0.659359872341156,
        "y": 0.9352014064788818,
        "visibility": 0.4740864038467407
    },
    "RIGHT_FOOT_INDEX": {
        "x": 0.6268953680992126,
        "y": 0.9583547115325928,
        "visibility": 0.9263288378715515
    }
}